H;M;C;E;R;B;A;U;Y;X;B;J;O;F;I;O;V;K;M;T;C;V;Y;M;N;K;K;A;U;S
A;X;K;U;R;W;X;Q;X;P;P;Z;I;C;W;J;J;D;R;Y;F;M;O;M;K;C;Z;A;H;O
N;P;B;O;E;F;U;N;C;I;O;N;C;O;S;T;O;H;W;N;A;L;L;I;W;Z;B;K;I;E
I;M;E;V;A;L;I;D;A;C;I;O;N;T;M;F;D;W;I;O;D;K;J;N;P;X;L;O;E;C
I;H;G;Y;N;I;A;C;V;Q;T;U;J;Y;F;P;H;H;C;S;T;R;I;B;C;V;P;I;K;Q
A;N;A;L;I;T;I;C;A;D;X;M;A;F;J;R;H;W;H;P;Z;C;S;U;I;W;R;C;E;O
S;K;L;E;A;R;N;R;X;U;F;Q;L;P;V;O;F;U;C;J;X;S;S;N;X;I;E;T;X;Z
M;M;A;M;M;P;X;M;S;Q;L;Z;Z;G;B;X;N;F;1;S;C;O;R;E;G;H;D;L;T;R
S;G;R;A;D;I;E;N;T;E;G;O;O;R;V;F;B;K;S;R;O;F;X;U;X;N;I;Z;N;U
C;H;P;M;A;F;W;M;S;V;Z;U;A;Q;O;V;E;R;F;I;T;T;I;N;G;X;C;M;Q;Y
Y;A;S;U;P;E;R;V;I;S;A;D;O;A;L;G;O;R;I;T;M;O;U;N;U;B;C;S;W;L
M;Y;Q;F;J;D;S;M;X;X;B;C;O;G;O;L;N;Z;B;P;F;Y;D;G;H;N;I;A;D;D
V;S;U;H;C;L;A;S;I;F;I;C;A;C;I;O;N;S;S;A;L;I;D;A;S;Y;O;Z;J;A
K;M;E;M;L;I;R;C;V;W;I;G;Z;N;T;H;R;S;P;W;H;V;G;J;O;S;N;U;S;T
R;X;N;H;G;G;M;Y;N;U;J;E;U;N;T;E;V;K;Y;Y;U;Q;V;M;O;D;E;L;O;O
E;C;T;G;F;X;P;E;K;K;C;B;N;W;U;Q;H;Q;T;V;Y;Z;B;I;G;D;A;T;A;S
D;V;R;U;B;N;I;R;T;G;K;C;B;T;J;W;E;X;O;Y;O;S;W;P;T;V;V;O;D;Y
N;R;A;K;Z;K;O;O;R;R;O;E;M;H;R;T;N;E;R;C;R;Q;U;W;D;A;W;U;Q;G
E;E;D;U;H;S;Z;R;O;G;I;B;H;N;B;E;E;Q;C;B;B;Q;X;C;H;T;J;D;S;I
U;G;A;I;N;K;H;I;M;C;R;C;C;T;V;X;N;N;H;U;K;M;Q;O;B;V;Y;E;E;N
R;R;S;E;O;U;J;D;B;A;L;J;A;H;V;F;B;A;S;A;R;T;D;A;V;R;M;E;D;B
O;E;T;K;K;U;T;W;Y;O;L;U;P;S;F;N;P;M;M;O;O;Z;L;K;Q;Y;K;P;C;M
N;S;K;C;T;V;V;L;K;S;H;I;S;Y;F;Y;L;L;K;I;R;L;T;F;I;A;O;L;W;K
A;I;O;W;N;H;B;B;B;E;O;W;Z;T;N;P;H;N;M;P;E;F;A;W;Y;U;Q;E;L;D
L;O;X;V;I;W;D;B;V;K;O;E;U;A;E;C;A;P;L;O;H;N;L;D;F;T;D;A;F;Y
D;N;P;H;X;S;P;V;D;M;G;C;X;E;C;R;C;M;U;B;D;H;T;O;G;O;O;R;E;D
X;E;P;Z;M;B;M;C;Z;E;X;A;I;I;O;I;I;C;C;W;Y;O;T;O;W;M;R;N;H;H
V;R;E;Y;K;J;E;I;R;A;P;A;I;Z;C;N;O;N;N;R;C;H;J;A;C;L;K;I;M;X
Y;H;H;H;T;Y;R;D;G;N;V;O;L;J;U;I;J;N;G;B;K;L;D;B;H;L;V;N;D;K
D;T;L;T;R;S;A;W;T;S;T;H;N;U;H;K;E;C;U;U;S;S;A;Z;F;F;S;G;M;L
;;;;;;;;;;;;;;;;;;;;;;;;;;;;;
;;;;;;;;;;;;;;;;;;;;;;;;;;;;;
;;;;;;;;;;;;;;;;;;;;;;;;;;;;;
;;;;;;;;;;;;;;;;;;;;;;;;;;;;;
;;;;;;;;;;;;;;;;;;;;;;;;;;;;;
;;;;;;;;;;;;;;;;;;;;;;;;;;;;;
;;;;;;;;;;;;;;;;;;;;;;;;;;;;;
